{"_timestamp":1.7434748526860666e+09,"_runtime":622.283979988,"_wandb":{"runtime":14615},"_step":9999,"episode":10000,"avg_reward":12.350296974182129,"explained_variance":0.9998025536770001}