{"avg_reward":606.3167114257812,"explained_variance":0.536829024553299,"_wandb":{"runtime":1656},"_runtime":622.621817372,"_step":139999,"readability":76.16666666666666,"_timestamp":1.745096617436244e+09,"episode":10000}