{"episode":10000,"_wandb":{"runtime":12763},"readability":76.16666666666666,"_timestamp":1.7457526058909307e+09,"_runtime":625.596458419,"_step":139999,"avg_reward":855.5659790039062,"explained_variance":0.41886889934539795}