{"_wandb":{"runtime":11377},"readability":86.72727272727273,"_timestamp":1.7458198534785311e+09,"_runtime":517.020185912,"_step":129999,"episode":10000,"avg_reward":1217.5228271484375,"explained_variance":0.29881542921066284}