{"explained_variance":0.43142998218536377,"_wandb":{"runtime":12694},"readability":78.54545454545455,"_timestamp":1.7457244052658088e+09,"_runtime":617.75908436,"_step":139999,"episode":10000,"avg_reward":791.929931640625}