{"_runtime":40.931192227,"_step":8972,"episode":640,"avg_reward":95.6519775390625,"explained_variance":0.20559316873550415,"_wandb":{"runtime":40},"readability":80.33333333333333,"_timestamp":1.7458192682774506e+09}