{"readability":78.54545454545455,"_timestamp":1.744697329779032e+09,"_runtime":617.913702826,"_step":139999,"episode":10000,"avg_reward":749.2818603515625,"explained_variance":0.44592970609664917,"_wandb":{"runtime":1639}}