{"_timestamp":1.7434953915136695e+09,"_runtime":616.759524013,"_step":9999,"_wandb":{"runtime":658},"episode":10000,"avg_reward":524.747802734375,"explained_variance":0.5756527483463287}