{"avg_reward":570.0638427734375,"explained_variance":0.10771763324737549,"_wandb":{"runtime":92},"readability":80.33333333333333,"_timestamp":1.7456410696223898e+09,"_runtime":92.790405817,"_step":20984,"episode":1498}