{"_runtime":623.922642949,"_step":139999,"episode":10000,"avg_reward":350.8031921386719,"explained_variance":0.4539892077445984,"_wandb":{"runtime":1667},"readability":92.18181818181819,"_timestamp":1.745093089787016e+09}