{"_wandb":{"runtime":663},"_timestamp":1.7434964152601037e+09,"_runtime":622.595924255,"_step":9999,"episode":10000,"avg_reward":278.25396728515625,"explained_variance":0.8432930260896683}