{"episode":10000,"avg_reward":255616.640625,"explained_variance":0.003320634365081787,"_wandb":{"runtime":836},"_runtime":519.374136271,"_step":129999,"pronounceability":50,"_timestamp":1.7459925483665617e+09}