{"_wandb":{"runtime":12761},"readability":78.54545454545455,"_timestamp":1.7457371575846107e+09,"_runtime":618.829431481,"_step":139999,"avg_reward":313.7180480957031,"explained_variance":0.8218594193458557,"episode":10000}