{"episode":183,"avg_reward":1.0936474800109863,"explained_variance":0.7966257184743881,"_wandb":{"runtime":12},"_timestamp":1.7434710833707838e+09,"_runtime":12.200830096,"_step":182}