{"avg_reward":530.747802734375,"explained_variance":0.579331248998642,"_wandb":{"runtime":1884},"readability":82.28571428571428,"_timestamp":1.7446913172702272e+09,"_runtime":643.150736724,"_step":159999,"episode":10000}