{"_wandb":{"runtime":615},"_timestamp":1.745641717702111e+09,"_runtime":615.987778131,"_step":139999,"readability":80.33333333333333,"episode":10000,"avg_reward":991.2442016601562,"explained_variance":0.3620645999908447}