{"episode":10000,"avg_reward":798.4186401367188,"explained_variance":0.43492865562438965,"_wandb":{"runtime":12712},"readability":80.33333333333333,"_timestamp":1.7456435612669978e+09,"_runtime":631.932836851,"_step":139999}