{"_runtime":647.268300652,"_step":159999,"readability":86.92307692307692,"episode":10000,"avg_reward":497.85406494140625,"explained_variance":0.5905410349369049,"_wandb":{"runtime":677},"_timestamp":1.7446935324477146e+09}